user_id,behavioural_data,clicks
0,1,1.0
0,2,1.0
0,3,1.0
0,4,1.0
0,5,1.0
0,6,1.0
0,7,1.0
0,8,1.0
0,9,1.0
0,10,1.0
0,11,1.0
0,12,1.0
0,13,1.0
0,14,1.0
0,18,1.0
0,22,1.0
0,27,1.0
0,28,1.0
0,30,1.0
0,31,1.0
0,33,1.0
0,38,1.0
0,43,1.0
0,54,1.0
0,55,1.0
0,58,1.0
0,60,1.0
0,66,1.0
0,69,1.0
0,76,1.0
0,79,1.0
0,81,1.0
0,83,1.0
0,87,1.0
0,90,1.0
0,91,1.0
0,97,1.0
0,104,1.0
0,110,1.0
0,113,1.0
0,120,1.0
0,122,1.0
0,128,1.0
0,130,1.0
0,142,1.0
0,147,1.0
0,155,1.0
0,158,1.0
0,159,1.0
0,179,1.0
0,181,1.0
0,184,1.0
0,260,1.0
1,6,1.0
1,24,1.0
1,42,1.0
1,114,1.0
1,116,1.0
1,147,1.0
1,160,1.0
1,161,1.0
1,162,1.0
1,180,1.0
1,183,1.0
1,187,1.0
1,199,1.0
1,436,1.0
2,6,1.0
2,7,1.0
2,8,1.0
2,10,1.0
2,15,1.0
2,33,1.0
2,81,1.0
2,84,1.0
2,94,1.0
2,97,1.0
2,165,1.0
2,1059,1.0
3,6,1.0
3,7,1.0
3,9,1.0
3,21,1.0
3,27,1.0
3,32,1.0
3,60,1.0
3,67,1.0
3,71,1.0
3,79,1.0
3,87,1.0
3,101,1.0
3,124,1.0
3,146,1.0
3,193,1.0
3,194,1.0
3,805,1.0
4,10,1.0
4,13,1.0
4,14,1.0
5,6,1.0
5,7,1.0
5,8,1.0
5,9,1.0
5,10,1.0
5,11,1.0
5,13,1.0
5,14,1.0
5,15,1.0
5,17,1.0
5,19,1.0
5,20,1.0
5,21,1.0
5,23,1.0
5,24,1.0
5,26,1.0
5,28,1.0
5,31,1.0
5,32,1.0
5,34,1.0
5,38,1.0
5,39,1.0
5,40,1.0
5,42,1.0
5,45,1.0
5,49,1.0
5,57,1.0
5,58,1.0
5,59,1.0
5,60,1.0
5,61,1.0
5,62,1.0
5,63,1.0
5,64,1.0
5,65,1.0
5,68,1.0
5,78,1.0
5,80,1.0
5,81,1.0
5,91,1.0
5,100,1.0
5,108,1.0
5,110,1.0
5,115,1.0
5,122,1.0
5,126,1.0
5,128,1.0
5,136,1.0
5,141,1.0
5,146,1.0
5,150,1.0
5,155,1.0
5,156,1.0
5,163,1.0
5,170,1.0
5,172,1.0
5,189,1.0
5,191,1.0
5,198,1.0
5,785,1.0
6,7,1.0
6,8,1.0
6,9,1.0
6,10,1.0
6,11,1.0
6,12,1.0
6,15,1.0
6,19,1.0
6,20,1.0
6,22,1.0
6,27,1.0
6,28,1.0
6,30,1.0
6,32,1.0
6,33,1.0
6,36,1.0
6,40,1.0
6,41,1.0
6,50,1.0
6,52,1.0
6,54,1.0
6,55,1.0
6,56,1.0
6,57,1.0
6,63,1.0
6,65,1.0
6,78,1.0
6,83,1.0
6,85,1.0
6,86,1.0
6,87,1.0
6,92,1.0
6,95,1.0
6,96,1.0
6,99,1.0
6,101,1.0
6,116,1.0
6,122,1.0
6,127,1.0
6,129,1.0
6,134,1.0
6,138,1.0
6,142,1.0
6,151,1.0
6,158,1.0
6,161,1.0
6,162,1.0
6,191,1.0
6,193,1.0
7,8,1.0
7,11,1.0
7,16,1.0
7,18,1.0
7,21,1.0
7,29,1.0
7,32,1.0
7,33,1.0
7,35,1.0
7,36,1.0
7,41,1.0
7,42,1.0
7,43,1.0
7,44,1.0
7,48,1.0
7,50,1.0
7,51,1.0
7,57,1.0
7,58,1.0
7,60,1.0
7,61,1.0
7,83,1.0
7,89,1.0
7,114,1.0
7,115,1.0
7,117,1.0
7,126,1.0
7,141,1.0
7,153,1.0
7,154,1.0
7,167,1.0
7,195,1.0
7,245,1.0
8,9,1.0
8,11,1.0
8,13,1.0
8,15,1.0
8,17,1.0
8,19,1.0
8,26,1.0
8,27,1.0
8,29,1.0
8,30,1.0
8,34,1.0
8,35,1.0
8,39,1.0
8,42,1.0
8,45,1.0
8,47,1.0
8,49,1.0
8,53,1.0
8,54,1.0
8,55,1.0
8,70,1.0
8,73,1.0
8,88,1.0
8,89,1.0
8,96,1.0
8,97,1.0
8,98,1.0
8,100,1.0
8,110,1.0
8,113,1.0
8,114,1.0
8,117,1.0
8,118,1.0
8,121,1.0
8,123,1.0
8,124,1.0
8,125,1.0
8,132,1.0
8,136,1.0
8,137,1.0
8,139,1.0
8,159,1.0
8,164,1.0
8,170,1.0
8,177,1.0
8,183,1.0
8,198,1.0
8,303,1.0
9,12,1.0
9,14,1.0
9,16,1.0
9,21,1.0
9,22,1.0
9,23,1.0
9,25,1.0
9,27,1.0
9,33,1.0
9,40,1.0
9,44,1.0
9,45,1.0
9,47,1.0
9,59,1.0
9,62,1.0
9,64,1.0
9,66,1.0
9,74,1.0
9,75,1.0
9,85,1.0
9,96,1.0
9,124,1.0
9,130,1.0
9,141,1.0
9,143,1.0
9,171,1.0
10,12,1.0
10,13,1.0
10,20,1.0
10,24,1.0
10,25,1.0
10,45,1.0
10,68,1.0
10,69,1.0
10,71,1.0
10,85,1.0
10,174,1.0
10,199,1.0
11,12,1.0
11,15,1.0
11,16,1.0
11,26,1.0
11,51,1.0
11,61,1.0
11,92,1.0
11,102,1.0
11,154,1.0
11,162,1.0
11,178,1.0
11,931,1.0
12,16,1.0
12,17,1.0
12,18,1.0
12,20,1.0
12,21,1.0
12,23,1.0
12,31,1.0
12,34,1.0
12,35,1.0
12,36,1.0
12,37,1.0
12,38,1.0
12,40,1.0
12,46,1.0
12,47,1.0
12,54,1.0
12,59,1.0
12,62,1.0
12,69,1.0
12,70,1.0
12,77,1.0
12,85,1.0
12,90,1.0
12,93,1.0
12,104,1.0
12,112,1.0
12,118,1.0
12,119,1.0
12,145,1.0
12,146,1.0
12,153,1.0
12,160,1.0
12,163,1.0
12,165,1.0
12,169,1.0
12,171,1.0
12,179,1.0
12,196,1.0
12,461,1.0
13,14,1.0
13,17,1.0
13,18,1.0
13,19,1.0
13,23,1.0
13,24,1.0
13,29,1.0
13,43,1.0
13,48,1.0
13,56,1.0
13,62,1.0
13,81,1.0
13,84,1.0
13,98,1.0
13,105,1.0
13,109,1.0
13,138,1.0
13,151,1.0
13,169,1.0
14,18,1.0
14,56,1.0
14,83,1.0
14,897,1.0
18,26,1.0
18,50,1.0
18,75,1.0
18,76,1.0
18,88,1.0
18,98,1.0
18,425,1.0
18,1086,1.0
22,15,1.0
22,17,1.0
22,28,1.0
22,52,1.0
22,53,1.0
22,88,1.0
22,90,1.0
22,101,1.0
22,148,1.0
22,479,1.0
27,34,1.0
27,44,1.0
27,72,1.0
27,91,1.0
27,101,1.0
27,105,1.0
27,117,1.0
27,160,1.0
27,163,1.0
27,187,1.0
27,197,1.0
28,25,1.0
28,47,1.0
28,72,1.0
28,87,1.0
28,172,1.0
30,24,1.0
30,29,1.0
30,46,1.0
30,51,1.0
30,82,1.0
30,92,1.0
30,108,1.0
30,145,1.0
30,150,1.0
30,154,1.0
30,173,1.0
30,876,1.0
31,15,1.0
31,17,1.0
31,35,1.0
31,37,1.0
31,47,1.0
31,75,1.0
31,77,1.0
31,91,1.0
31,98,1.0
31,105,1.0
31,111,1.0
31,126,1.0
31,178,1.0
31,181,1.0
31,184,1.0
33,72,1.0
33,131,1.0
33,161,1.0
33,176,1.0
33,1028,1.0
33,1071,1.0
38,15,1.0
38,23,1.0
38,79,1.0
38,95,1.0
38,127,1.0
38,185,1.0
43,23,1.0
43,35,1.0
43,52,1.0
43,66,1.0
43,78,1.0
43,80,1.0
43,102,1.0
43,106,1.0
43,137,1.0
43,149,1.0
43,150,1.0
43,152,1.0
43,181,1.0
43,182,1.0
54,50,1.0
54,195,1.0
55,19,1.0
55,36,1.0
55,170,1.0
55,175,1.0
55,177,1.0
55,182,1.0
58,17,1.0
58,48,1.0
58,61,1.0
58,73,1.0
58,196,1.0
58,817,1.0
60,35,1.0
60,107,1.0
60,119,1.0
60,193,1.0
60,196,1.0
60,1013,1.0
66,20,1.0
66,24,1.0
66,112,1.0
66,131,1.0
66,149,1.0
66,151,1.0
66,912,1.0
69,34,1.0
69,49,1.0
69,71,1.0
69,149,1.0
76,15,1.0
76,17,1.0
76,65,1.0
76,126,1.0
79,34,1.0
79,68,1.0
79,95,1.0
79,99,1.0
79,150,1.0
79,179,1.0
79,185,1.0
81,24,1.0
81,505,1.0
83,36,1.0
83,106,1.0
83,164,1.0
83,172,1.0
87,59,1.0
87,105,1.0
87,121,1.0
87,196,1.0
90,59,1.0
90,72,1.0
90,94,1.0
90,106,1.0
90,168,1.0
90,174,1.0
90,525,1.0
90,889,1.0
91,85,1.0
91,112,1.0
97,45,1.0
97,92,1.0
97,127,1.0
97,153,1.0
104,19,1.0
104,26,1.0
104,36,1.0
104,149,1.0
110,62,1.0
110,82,1.0
110,122,1.0
110,155,1.0
110,162,1.0
113,49,1.0
113,80,1.0
113,86,1.0
113,115,1.0
113,161,1.0
120,15,1.0
120,57,1.0
120,71,1.0
120,73,1.0
120,129,1.0
120,139,1.0
120,146,1.0
120,167,1.0
120,190,1.0
120,446,1.0
122,100,1.0
122,137,1.0
122,173,1.0
122,186,1.0
122,188,1.0
128,17,1.0
128,53,1.0
128,71,1.0
130,35,1.0
130,42,1.0
130,65,1.0
130,156,1.0
130,214,1.0
142,15,1.0
142,16,1.0
142,42,1.0
142,185,1.0
147,29,1.0
147,63,1.0
147,114,1.0
147,184,1.0
147,990,1.0
155,32,1.0
155,75,1.0
155,170,1.0
155,192,1.0
155,194,1.0
155,419,1.0
158,42,1.0
158,44,1.0
158,98,1.0
159,59,1.0
159,99,1.0
159,150,1.0
159,170,1.0
179,64,1.0
179,121,1.0
179,181,1.0
179,185,1.0
181,19,1.0
181,197,1.0
184,36,1.0
184,63,1.0
184,185,1.0
184,369,1.0
260,257,1.0
260,259,1.0
260,261,1.0
24,16,1.0
24,39,1.0
24,48,1.0
24,74,1.0
24,84,1.0
24,135,1.0
42,41,1.0
42,52,1.0
42,93,1.0
42,103,1.0
42,112,1.0
114,40,1.0
114,51,1.0
114,117,1.0
114,140,1.0
114,153,1.0
114,157,1.0
114,186,1.0
114,681,1.0
114,997,1.0
116,19,1.0
116,89,1.0
116,94,1.0
116,1077,1.0
160,16,1.0
160,29,1.0
160,169,1.0
160,968,1.0
161,23,1.0
162,101,1.0
162,206,1.0
180,15,1.0
180,21,1.0
180,48,1.0
180,95,1.0
180,413,1.0
180,1004,1.0
183,16,1.0
183,72,1.0
183,105,1.0
183,956,1.0
187,23,1.0
187,39,1.0
187,50,1.0
199,108,1.0
199,111,1.0
199,149,1.0
199,626,1.0
436,434,1.0
436,437,1.0
436,440,1.0
15,16,1.0
15,19,1.0
15,20,1.0
15,36,1.0
15,44,1.0
15,48,1.0
15,53,1.0
15,57,1.0
15,59,1.0
15,68,1.0
15,77,1.0
15,100,1.0
15,115,1.0
15,117,1.0
15,133,1.0
15,135,1.0
15,139,1.0
15,146,1.0
15,154,1.0
15,168,1.0
15,172,1.0
15,176,1.0
15,188,1.0
15,189,1.0
15,192,1.0
15,595,1.0
15,777,1.0
84,75,1.0
84,80,1.0
84,795,1.0
94,32,1.0
94,34,1.0
94,36,1.0
94,109,1.0
94,136,1.0
94,157,1.0
165,47,1.0
165,64,1.0
165,67,1.0
1059,1057,1.0
1059,1058,1.0
1059,1063,1.0
21,25,1.0
21,51,1.0
21,67,1.0
21,99,1.0
21,107,1.0
21,118,1.0
21,140,1.0
21,169,1.0
21,186,1.0
21,192,1.0
32,17,1.0
32,53,1.0
32,93,1.0
32,108,1.0
32,123,1.0
32,150,1.0
32,169,1.0
32,189,1.0
32,191,1.0
67,35,1.0
67,46,1.0
67,63,1.0
67,70,1.0
71,17,1.0
71,62,1.0
71,82,1.0
71,102,1.0
71,126,1.0
71,861,1.0
101,17,1.0
101,341,1.0
124,26,1.0
124,36,1.0
124,145,1.0
146,346,1.0
146,1054,1.0
193,41,1.0
193,99,1.0
194,85,1.0
194,96,1.0
194,140,1.0
194,359,1.0
805,803,1.0
805,807,1.0
805,808,1.0
17,16,1.0
17,23,1.0
17,25,1.0
17,26,1.0
17,29,1.0
17,51,1.0
17,64,1.0
17,78,1.0
17,80,1.0
17,89,1.0
17,105,1.0
17,106,1.0
17,107,1.0
17,132,1.0
17,135,1.0
17,145,1.0
17,172,1.0
19,25,1.0
19,37,1.0
19,41,1.0
19,44,1.0
19,46,1.0
19,50,1.0
19,93,1.0
19,98,1.0
19,119,1.0
19,154,1.0
19,176,1.0
20,41,1.0
20,65,1.0
20,134,1.0
20,143,1.0
20,151,1.0
23,29,1.0
23,73,1.0
23,102,1.0
23,168,1.0
23,191,1.0
26,34,1.0
26,36,1.0
26,37,1.0
26,39,1.0
26,40,1.0
26,56,1.0
26,68,1.0
26,111,1.0
26,125,1.0
26,134,1.0
26,143,1.0
26,189,1.0
26,279,1.0
26,696,1.0
34,41,1.0
34,48,1.0
34,49,1.0
34,52,1.0
34,109,1.0
34,177,1.0
39,25,1.0
39,49,1.0
39,131,1.0
39,153,1.0
40,50,1.0
40,65,1.0
40,129,1.0
40,141,1.0
40,171,1.0
40,405,1.0
40,669,1.0
45,41,1.0
45,109,1.0
49,41,1.0
49,56,1.0
49,100,1.0
49,107,1.0
49,166,1.0
49,197,1.0
57,46,1.0
57,63,1.0
57,99,1.0
57,144,1.0
57,173,1.0
57,318,1.0
59,53,1.0
59,89,1.0
59,517,1.0
61,36,1.0
61,190,1.0
62,51,1.0
62,77,1.0
62,653,1.0
63,25,1.0
63,35,1.0
63,82,1.0
63,103,1.0
63,108,1.0
63,173,1.0
64,25,1.0
64,36,1.0
64,65,1.0
64,73,1.0
64,118,1.0
64,197,1.0
65,106,1.0
65,119,1.0
65,133,1.0
65,139,1.0
65,597,1.0
65,753,1.0
68,35,1.0
68,70,1.0
68,74,1.0
68,118,1.0
68,166,1.0
68,171,1.0
78,36,1.0
78,92,1.0
78,288,1.0
80,16,1.0
80,53,1.0
80,86,1.0
80,133,1.0
80,148,1.0
100,96,1.0
100,131,1.0
100,186,1.0
100,383,1.0
108,70,1.0
108,561,1.0
115,51,1.0
115,394,1.0
126,138,1.0
136,46,1.0
136,95,1.0
136,198,1.0
136,456,1.0
141,51,1.0
141,229,1.0
150,949,1.0
156,16,1.0
156,93,1.0
156,102,1.0
156,189,1.0
163,93,1.0
163,118,1.0
163,731,1.0
170,711,1.0
170,980,1.0
172,692,1.0
189,608,1.0
191,46,1.0
198,50,1.0
198,176,1.0
198,907,1.0
785,786,1.0
785,787,1.0
785,788,1.0
785,791,1.0
36,74,1.0
36,86,1.0
36,125,1.0
36,168,1.0
36,171,1.0
36,174,1.0
36,177,1.0
36,182,1.0
36,190,1.0
36,195,1.0
41,75,1.0
41,125,1.0
41,140,1.0
41,166,1.0
41,190,1.0
50,53,1.0
50,73,1.0
50,86,1.0
50,135,1.0
50,477,1.0
50,638,1.0
52,77,1.0
56,72,1.0
56,133,1.0
56,157,1.0
85,29,1.0
86,53,1.0
86,102,1.0
86,111,1.0
92,73,1.0
92,95,1.0
92,119,1.0
92,138,1.0
92,174,1.0
95,82,1.0
95,138,1.0
95,177,1.0
95,718,1.0
96,16,1.0
96,51,1.0
96,148,1.0
96,269,1.0
99,77,1.0
99,111,1.0
99,664,1.0
127,25,1.0
127,98,1.0
127,646,1.0
129,46,1.0
129,109,1.0
129,152,1.0
134,16,1.0
134,103,1.0
134,551,1.0
138,175,1.0
151,72,1.0
16,35,1.0
16,70,1.0
16,74,1.0
16,144,1.0
16,173,1.0
29,125,1.0
35,37,1.0
35,46,1.0
35,75,1.0
35,88,1.0
35,188,1.0
44,46,1.0
44,82,1.0
44,107,1.0
44,144,1.0
44,1041,1.0
48,93,1.0
48,132,1.0
48,157,1.0
48,188,1.0
48,192,1.0
51,329,1.0
89,75,1.0
89,144,1.0
117,176,1.0
117,580,1.0
117,826,1.0
153,197,1.0
167,77,1.0
167,102,1.0
167,106,1.0
195,112,1.0
195,121,1.0
245,246,1.0
245,247,1.0
245,248,1.0
245,253,1.0
47,82,1.0
47,103,1.0
47,149,1.0
47,175,1.0
53,137,1.0
53,143,1.0
70,103,1.0
70,111,1.0
70,140,1.0
70,196,1.0
70,373,1.0
88,37,1.0
88,175,1.0
98,123,1.0
98,152,1.0
118,144,1.0
118,236,1.0
121,72,1.0
121,77,1.0
121,82,1.0
121,135,1.0
123,75,1.0
123,111,1.0
123,140,1.0
123,766,1.0
125,137,1.0
125,850,1.0
132,93,1.0
132,103,1.0
132,139,1.0
132,188,1.0
132,767,1.0
132,870,1.0
137,148,1.0
164,72,1.0
164,77,1.0
164,107,1.0
164,178,1.0
177,724,1.0
303,299,1.0
303,301,1.0
303,305,1.0
303,306,1.0
25,166,1.0
75,112,1.0
143,37,1.0
143,145,1.0
171,541,1.0
174,105,1.0
102,182,1.0
102,192,1.0
178,93,1.0
178,111,1.0
931,929,1.0
931,932,1.0
46,72,1.0
77,175,1.0
145,490,1.0
461,462,1.0
461,463,1.0
461,464,1.0
461,465,1.0
461,466,1.0
461,467,1.0
105,109,1.0
109,148,1.0
109,186,1.0
109,190,1.0
897,893,1.0
897,894,1.0
425,426,1.0
425,427,1.0
425,428,1.0
425,430,1.0
425,431,1.0
425,432,1.0
425,433,1.0
1086,1082,1.0
1086,1084,1.0
1086,1088,1.0
1086,1089,1.0
1086,1090,1.0
479,480,1.0
479,481,1.0
479,482,1.0
479,483,1.0
479,485,1.0
479,486,1.0
479,487,1.0
72,103,1.0
72,295,1.0
72,941,1.0
82,133,1.0
82,166,1.0
173,831,1.0
876,875,1.0
876,882,1.0
111,152,1.0
111,157,1.0
131,103,1.0
131,571,1.0
176,175,1.0
176,510,1.0
1028,1029,1.0
1028,1030,1.0
1028,1031,1.0
1028,1032,1.0
1028,1033,1.0
1028,1034,1.0
1028,1035,1.0
1071,1072,1.0
1071,1069,1.0
185,1097,1.0
106,219,1.0
152,168,1.0
152,144,1.0
152,1025,1.0
182,107,1.0
817,812,1.0
817,813,1.0
817,818,1.0
817,819,1.0
107,839,1.0
1013,1010,1.0
1013,1011,1.0
912,911,1.0
912,918,1.0
912,919,1.0
505,497,1.0
505,500,1.0
525,524,1.0
525,527,1.0
525,528,1.0
525,530,1.0
889,892,1.0
889,890,1.0
889,891,1.0
446,443,1.0
446,444,1.0
446,448,1.0
446,449,1.0
446,451,1.0
188,745,1.0
214,209,1.0
214,212,1.0
214,216,1.0
214,217,1.0
990,983,1.0
990,988,1.0
419,416,1.0
419,418,1.0
369,364,1.0
369,365,1.0
257,254,1.0
257,255,1.0
257,258,1.0
259,254,1.0
259,255,1.0
259,261,1.0
681,677,1.0
681,680,1.0
681,685,1.0
997,995,1.0
997,996,1.0
997,998,1.0
997,1000,1.0
1077,1073,1.0
1077,1074,1.0
1077,1079,1.0
1077,1080,1.0
1077,1081,1.0
968,965,1.0
968,967,1.0
968,969,1.0
968,973,1.0
206,201,1.0
206,202,1.0
413,407,1.0
413,409,1.0
1004,1001,1.0
1004,1002,1.0
1004,1006,1.0
1004,1007,1.0
1004,1008,1.0
956,957,1.0
956,958,1.0
956,959,1.0
956,960,1.0
956,961,1.0
956,963,1.0
956,964,1.0
626,623,1.0
626,625,1.0
626,627,1.0
626,628,1.0
626,631,1.0
434,435,1.0
434,438,1.0
434,439,1.0
437,435,1.0
437,442,1.0
440,435,1.0
440,441,1.0
133,314,1.0
133,619,1.0
595,592,1.0
595,593,1.0
777,776,1.0
795,794,1.0
1057,1055,1.0
1058,1055,1.0
1058,1056,1.0
1058,1061,1.0
1063,1061,1.0
861,857,1.0
861,860,1.0
861,863,1.0
861,864,1.0
341,340,1.0
341,343,1.0
346,344,1.0
1054,1046,1.0
1054,1049,1.0
359,360,1.0
359,358,1.0
803,804,1.0
803,806,1.0
803,807,1.0
803,809,1.0
803,810,1.0
803,811,1.0
807,811,1.0
808,804,1.0
808,809,1.0
279,272,1.0
279,276,1.0
696,695,1.0
696,698,1.0
696,699,1.0
696,703,1.0
405,406,1.0
405,403,1.0
669,668,1.0
669,674,1.0
166,920,1.0
144,544,1.0
318,317,1.0
318,323,1.0
517,515,1.0
517,523,1.0
653,650,1.0
653,652,1.0
597,596,1.0
597,603,1.0
597,604,1.0
753,750,1.0
753,752,1.0
753,755,1.0
753,757,1.0
288,281,1.0
288,286,1.0
288,289,1.0
383,380,1.0
383,382,1.0
561,560,1.0
394,390,1.0
394,392,1.0
456,452,1.0
456,455,1.0
456,458,1.0
229,227,1.0
229,231,1.0
229,235,1.0
949,947,1.0
731,732,1.0
731,733,1.0
731,734,1.0
731,735,1.0
731,736,1.0
731,739,1.0
711,706,1.0
711,708,1.0
980,979,1.0
980,982,1.0
692,688,1.0
692,691,1.0
692,693,1.0
692,694,1.0
608,605,1.0
608,606,1.0
907,902,1.0
907,904,1.0
787,788,1.0
787,789,1.0
787,790,1.0
788,789,1.0
788,792,1.0
791,789,1.0
791,793,1.0
477,474,1.0
477,475,1.0
638,633,1.0
638,640,1.0
638,636,1.0
638,639,1.0
718,715,1.0
718,716,1.0
718,719,1.0
718,721,1.0
269,264,1.0
269,265,1.0
664,660,1.0
664,661,1.0
646,641,1.0
646,642,1.0
646,648,1.0
551,552,1.0
551,553,1.0
551,554,1.0
551,555,1.0
551,556,1.0
551,557,1.0
551,558,1.0
1041,1038,1.0
1041,1039,1.0
329,326,1.0
329,328,1.0
329,333,1.0
580,578,1.0
580,581,1.0
580,582,1.0
580,583,1.0
580,584,1.0
580,585,1.0
826,822,1.0
826,823,1.0
246,249,1.0
246,251,1.0
246,252,1.0
247,248,1.0
247,249,1.0
247,250,1.0
247,252,1.0
253,252,1.0
373,371,1.0
236,237,1.0
236,238,1.0
236,239,1.0
236,240,1.0
236,243,1.0
766,761,1.0
766,762,1.0
850,848,1.0
850,851,1.0
850,852,1.0
850,853,1.0
850,854,1.0
850,856,1.0
767,768,1.0
767,769,1.0
767,770,1.0
767,771,1.0
767,772,1.0
767,773,1.0
870,867,1.0
870,868,1.0
870,872,1.0
870,873,1.0
724,722,1.0
724,725,1.0
724,726,1.0
724,727,1.0
299,300,1.0
299,301,1.0
299,302,1.0
299,304,1.0
301,302,1.0
301,304,1.0
301,305,1.0
301,307,1.0
305,306,1.0
305,307,1.0
541,536,1.0
541,537,1.0
929,930,1.0
929,932,1.0
929,934,1.0
929,935,1.0
932,933,1.0
932,936,1.0
932,937,1.0
490,488,1.0
462,464,1.0
462,467,1.0
464,465,1.0
465,466,1.0
465,468,1.0
466,468,1.0
466,469,1.0
467,469,1.0
893,894,1.0
893,896,1.0
893,900,1.0
894,895,1.0
427,428,1.0
427,429,1.0
428,429,1.0
428,431,1.0
430,429,1.0
430,433,1.0
432,429,1.0
480,484,1.0
481,482,1.0
481,483,1.0
482,485,1.0
483,484,1.0
485,487,1.0
486,484,1.0
295,291,1.0
295,293,1.0
295,296,1.0
941,939,1.0
941,940,1.0
941,946,1.0
831,830,1.0
831,833,1.0
831,834,1.0
875,877,1.0
875,878,1.0
875,879,1.0
875,880,1.0
875,882,1.0
875,883,1.0
571,569,1.0
571,573,1.0
571,574,1.0
571,575,1.0
510,506,1.0
510,507,1.0
1030,1031,1.0
1030,1032,1.0
1030,1035,1.0
1030,1036,1.0
1031,1033,1.0
1033,1034,1.0
1034,1036,1.0
1072,1070,1.0
1072,1069,1.0
219,218,1.0
219,220,1.0
219,222,1.0
1025,1019,1.0
1025,1020,1.0
812,813,1.0
812,814,1.0
812,815,1.0
812,820,1.0
818,815,1.0
819,815,1.0
839,840,1.0
839,842,1.0
839,843,1.0
839,846,1.0
1010,1011,1.0
1010,1012,1.0
1010,1014,1.0
1010,1015,1.0
1010,1016,1.0
1011,1014,1.0
1011,1015,1.0
1011,1016,1.0
1011,1018,1.0
911,913,1.0
911,914,1.0
911,915,1.0
911,916,1.0
911,917,1.0
911,918,1.0
919,914,1.0
497,498,1.0
497,499,1.0
497,500,1.0
497,502,1.0
497,503,1.0
500,498,1.0
524,526,1.0
524,527,1.0
524,528,1.0
524,529,1.0
524,531,1.0
528,529,1.0
528,532,1.0
530,529,1.0
530,532,1.0
892,888,1.0
892,890,1.0
443,444,1.0
443,445,1.0
443,447,1.0
444,447,1.0
444,450,1.0
448,447,1.0
449,447,1.0
451,445,1.0
745,740,1.0
745,742,1.0
745,746,1.0
745,747,1.0
209,210,1.0
209,211,1.0
209,212,1.0
209,213,1.0
209,215,1.0
209,216,1.0
212,211,1.0
217,211,1.0
983,984,1.0
983,985,1.0
983,986,1.0
983,988,1.0
983,989,1.0
988,987,1.0
988,991,1.0
416,417,1.0
416,420,1.0
418,417,1.0
418,422,1.0
364,362,1.0
364,367,1.0
364,370,1.0
365,362,1.0
365,363,1.0
365,366,1.0
365,368,1.0
365,370,1.0
254,255,1.0
254,256,1.0
255,258,1.0
258,262,1.0
677,678,1.0
677,679,1.0
677,680,1.0
677,682,1.0
677,683,1.0
677,684,1.0
677,685,1.0
680,678,1.0
680,683,1.0
995,992,1.0
995,994,1.0
995,1000,1.0
996,992,1.0
996,994,1.0
998,994,1.0
1073,1074,1.0
1073,1075,1.0
1073,1076,1.0
1073,1078,1.0
1073,1079,1.0
1074,1076,1.0
1080,1076,1.0
1081,1076,1.0
965,966,1.0
965,967,1.0
967,969,1.0
969,970,1.0
969,971,1.0
969,972,1.0
973,966,1.0
201,200,1.0
201,203,1.0
201,205,1.0
202,200,1.0
202,204,1.0
407,408,1.0
407,409,1.0
407,410,1.0
407,412,1.0
407,414,1.0
409,410,1.0
409,411,1.0
409,412,1.0
409,415,1.0
1001,1002,1.0
1001,1003,1.0
1001,1005,1.0
1002,1005,1.0
1002,1006,1.0
1007,1005,1.0
1007,1008,1.0
1007,1009,1.0
1008,1009,1.0
957,959,1.0
957,960,1.0
957,962,1.0
957,964,1.0
960,961,1.0
960,962,1.0
963,962,1.0
623,624,1.0
623,625,1.0
623,628,1.0
623,630,1.0
625,627,1.0
625,629,1.0
625,630,1.0
628,629,1.0
631,624,1.0
435,438,1.0
435,441,1.0
438,439,1.0
439,442,1.0
314,309,1.0
314,310,1.0
314,315,1.0
619,614,1.0
619,616,1.0
592,594,1.0
592,593,1.0
776,778,1.0
776,779,1.0
776,780,1.0
776,781,1.0
794,796,1.0
794,797,1.0
794,798,1.0
794,800,1.0
794,802,1.0
1055,1056,1.0
1055,1060,1.0
1055,1061,1.0
1056,1060,1.0
1056,1062,1.0
1061,1062,1.0
857,858,1.0
857,859,1.0
857,860,1.0
857,862,1.0
857,864,1.0
857,865,1.0
860,859,1.0
863,862,1.0
864,865,1.0
340,342,1.0
343,342,1.0
344,345,1.0
344,347,1.0
344,349,1.0
344,350,1.0
344,351,1.0
344,352,1.0
1046,1047,1.0
1046,1048,1.0
1046,1049,1.0
1046,1051,1.0
1049,1047,1.0
1049,1050,1.0
1049,1051,1.0
1049,1052,1.0
1049,1053,1.0
360,361,1.0
360,358,1.0
804,806,1.0
806,810,1.0
272,273,1.0
272,274,1.0
272,275,1.0
272,276,1.0
272,277,1.0
276,275,1.0
276,277,1.0
276,280,1.0
695,697,1.0
695,698,1.0
695,700,1.0
695,701,1.0
695,702,1.0
695,703,1.0
698,699,1.0
698,700,1.0
699,701,1.0
699,702,1.0
406,401,1.0
406,403,1.0
403,404,1.0
668,670,1.0
668,671,1.0
668,672,1.0
668,673,1.0
668,675,1.0
674,672,1.0
920,921,1.0
920,923,1.0
920,924,1.0
544,543,1.0
544,545,1.0
317,319,1.0
317,320,1.0
317,321,1.0
317,322,1.0
317,323,1.0
317,324,1.0
317,325,1.0
515,516,1.0
515,518,1.0
515,522,1.0
515,523,1.0
650,651,1.0
650,652,1.0
650,654,1.0
650,655,1.0
650,658,1.0
652,654,1.0
652,655,1.0
596,598,1.0
596,599,1.0
596,603,1.0
604,602,1.0
750,749,1.0
750,752,1.0
750,754,1.0
750,755,1.0
752,749,1.0
752,754,1.0
752,756,1.0
755,756,1.0
757,754,1.0
281,282,1.0
281,283,1.0
281,284,1.0
281,285,1.0
286,283,1.0
286,284,1.0
286,287,1.0
289,287,1.0
380,381,1.0
380,382,1.0
382,384,1.0
382,385,1.0
560,562,1.0
560,563,1.0
560,564,1.0
560,565,1.0
560,566,1.0
390,389,1.0
390,392,1.0
390,396,1.0
392,389,1.0
392,393,1.0
392,395,1.0
392,397,1.0
452,453,1.0
452,454,1.0
452,457,1.0
452,458,1.0
452,459,1.0
452,460,1.0
455,453,1.0
455,454,1.0
455,459,1.0
227,228,1.0
227,230,1.0
227,233,1.0
231,230,1.0
231,233,1.0
231,232,1.0
235,234,1.0
947,948,1.0
947,950,1.0
947,951,1.0
732,734,1.0
732,736,1.0
732,739,1.0
733,735,1.0
734,738,1.0
735,737,1.0
736,737,1.0
736,738,1.0
706,704,1.0
708,704,1.0
708,705,1.0
708,709,1.0
708,712,1.0
979,978,1.0
979,981,1.0
979,982,1.0
688,686,1.0
688,689,1.0
688,691,1.0
688,693,1.0
688,694,1.0
691,686,1.0
605,606,1.0
605,607,1.0
605,609,1.0
605,610,1.0
605,613,1.0
606,609,1.0
606,610,1.0
606,611,1.0
606,612,1.0
606,613,1.0
902,903,1.0
902,904,1.0
902,905,1.0
902,908,1.0
904,906,1.0
904,909,1.0
904,910,1.0
789,790,1.0
789,792,1.0
789,793,1.0
474,470,1.0
474,473,1.0
474,475,1.0
474,476,1.0
475,470,1.0
633,632,1.0
633,635,1.0
633,636,1.0
640,632,1.0
636,635,1.0
636,637,1.0
639,635,1.0
715,713,1.0
715,716,1.0
715,717,1.0
716,714,1.0
716,719,1.0
716,721,1.0
719,720,1.0
264,263,1.0
264,266,1.0
264,270,1.0
264,271,1.0
265,263,1.0
265,267,1.0
265,268,1.0
660,659,1.0
661,659,1.0
661,662,1.0
661,666,1.0
641,642,1.0
641,643,1.0
641,645,1.0
641,649,1.0
642,644,1.0
648,643,1.0
552,554,1.0
552,555,1.0
552,556,1.0
552,558,1.0
552,559,1.0
555,559,1.0
556,557,1.0
1038,1037,1.0
1038,1042,1.0
1038,1044,1.0
1038,1045,1.0
1039,1037,1.0
1039,1040,1.0
1039,1042,1.0
1039,1044,1.0
326,327,1.0
326,328,1.0
326,330,1.0
326,331,1.0
326,332,1.0
326,333,1.0
326,334,1.0
328,332,1.0
578,579,1.0
578,581,1.0
578,582,1.0
581,585,1.0
581,586,1.0
582,584,1.0
583,579,1.0
585,586,1.0
822,821,1.0
822,824,1.0
822,825,1.0
822,827,1.0
822,828,1.0
822,829,1.0
823,821,1.0
823,824,1.0
823,828,1.0
249,250,1.0
249,251,1.0
371,372,1.0
371,374,1.0
371,375,1.0
371,376,1.0
371,378,1.0
371,379,1.0
237,242,1.0
238,239,1.0
238,241,1.0
239,240,1.0
239,241,1.0
239,242,1.0
239,244,1.0
243,241,1.0
761,759,1.0
761,760,1.0
761,763,1.0
762,759,1.0
762,760,1.0
762,764,1.0
848,849,1.0
848,851,1.0
848,852,1.0
848,855,1.0
851,853,1.0
851,854,1.0
851,856,1.0
769,770,1.0
769,771,1.0
770,775,1.0
771,772,1.0
771,773,1.0
771,774,1.0
773,774,1.0
867,866,1.0
867,869,1.0
867,871,1.0
867,874,1.0
868,866,1.0
868,869,1.0
868,872,1.0
872,873,1.0
722,723,1.0
722,727,1.0
722,730,1.0
725,723,1.0
725,726,1.0
727,728,1.0
727,729,1.0
536,533,1.0
536,534,1.0
536,539,1.0
537,533,1.0
537,535,1.0
537,538,1.0
537,539,1.0
930,933,1.0
930,934,1.0
930,935,1.0
934,937,1.0
935,936,1.0
488,489,1.0
488,491,1.0
488,492,1.0
488,494,1.0
488,496,1.0
896,895,1.0
900,898,1.0
900,901,1.0
291,290,1.0
291,293,1.0
291,298,1.0
293,290,1.0
296,290,1.0
939,938,1.0
939,942,1.0
939,946,1.0
940,938,1.0
940,943,1.0
940,945,1.0
830,832,1.0
830,833,1.0
830,834,1.0
830,835,1.0
830,837,1.0
830,838,1.0
834,836,1.0
877,878,1.0
877,881,1.0
878,879,1.0
878,881,1.0
879,880,1.0
879,883,1.0
569,570,1.0
569,572,1.0
569,573,1.0
569,576,1.0
573,576,1.0
573,577,1.0
574,570,1.0
575,570,1.0
506,507,1.0
506,509,1.0
507,508,1.0
507,513,1.0
1070,1066,1.0
218,221,1.0
218,222,1.0
218,225,1.0
220,221,1.0
1019,1020,1.0
1019,1021,1.0
1019,1022,1.0
1019,1023,1.0
1019,1024,1.0
1019,1027,1.0
1020,1022,1.0
1020,1024,1.0
1020,1026,1.0
814,815,1.0
814,816,1.0
814,820,1.0
815,816,1.0
840,841,1.0
840,843,1.0
842,841,1.0
846,844,1.0
846,847,1.0
1012,1017,1.0
1014,1018,1.0
1016,1017,1.0
913,914,1.0
913,915,1.0
913,916,1.0
916,917,1.0
498,501,1.0
498,502,1.0
499,501,1.0
502,504,1.0
503,501,1.0
526,531,1.0
888,884,1.0
888,885,1.0
445,450,1.0
740,741,1.0
740,742,1.0
740,743,1.0
740,744,1.0
740,748,1.0
742,743,1.0
742,744,1.0
742,746,1.0
742,748,1.0
747,744,1.0
211,213,1.0
213,215,1.0
984,987,1.0
984,991,1.0
985,986,1.0
985,987,1.0
989,987,1.0
417,420,1.0
422,424,1.0
422,423,1.0
362,363,1.0
362,366,1.0
362,367,1.0
367,368,1.0
256,262,1.0
678,682,1.0
683,684,1.0
992,993,1.0
992,994,1.0
992,999,1.0
966,970,1.0
966,971,1.0
966,972,1.0
200,203,1.0
200,204,1.0
200,207,1.0
200,208,1.0
203,205,1.0
203,208,1.0
204,207,1.0
408,411,1.0
412,414,1.0
411,415,1.0
309,308,1.0
310,308,1.0
310,311,1.0
310,312,1.0
310,313,1.0
310,316,1.0
315,308,1.0
614,615,1.0
614,616,1.0
614,617,1.0
614,618,1.0
614,620,1.0
614,622,1.0
616,617,1.0
616,618,1.0
616,621,1.0
594,591,1.0
778,779,1.0
779,780,1.0
779,781,1.0
779,782,1.0
779,784,1.0
780,783,1.0
781,782,1.0
796,797,1.0
796,799,1.0
796,800,1.0
796,801,1.0
797,798,1.0
797,801,1.0
798,799,1.0
798,802,1.0
859,862,1.0
342,335,1.0
345,347,1.0
345,348,1.0
345,351,1.0
347,348,1.0
349,348,1.0
349,350,1.0
351,352,1.0
1047,1050,1.0
1047,1052,1.0
1047,1053,1.0
361,355,1.0
273,278,1.0
274,275,1.0
275,278,1.0
275,280,1.0
401,398,1.0
401,400,1.0
670,671,1.0
671,672,1.0
671,673,1.0
671,675,1.0
672,676,1.0
673,676,1.0
921,922,1.0
921,924,1.0
921,926,1.0
923,922,1.0
543,542,1.0
543,546,1.0
545,542,1.0
545,548,1.0
319,320,1.0
319,324,1.0
320,321,1.0
321,322,1.0
321,325,1.0
516,518,1.0
516,519,1.0
516,520,1.0
518,519,1.0
522,519,1.0
651,656,1.0
651,657,1.0
654,656,1.0
654,657,1.0
655,658,1.0
598,599,1.0
598,600,1.0
598,601,1.0
599,600,1.0
599,602,1.0
602,600,1.0
749,751,1.0
282,284,1.0
284,285,1.0
284,287,1.0
381,384,1.0
381,386,1.0
381,388,1.0
384,385,1.0
384,386,1.0
384,388,1.0
385,387,1.0
562,563,1.0
562,564,1.0
562,566,1.0
562,567,1.0
562,568,1.0
563,565,1.0
563,567,1.0
563,568,1.0
389,391,1.0
389,393,1.0
389,395,1.0
389,396,1.0
396,397,1.0
453,457,1.0
459,460,1.0
228,230,1.0
230,232,1.0
230,234,1.0
233,234,1.0
948,950,1.0
948,951,1.0
948,954,1.0
950,952,1.0
950,953,1.0
951,952,1.0
951,953,1.0
951,954,1.0
951,955,1.0
704,705,1.0
704,707,1.0
705,707,1.0
705,709,1.0
705,710,1.0
705,712,1.0
978,974,1.0
978,975,1.0
686,687,1.0
686,689,1.0
686,690,1.0
689,690,1.0
607,611,1.0
607,612,1.0
903,905,1.0
903,909,1.0
905,906,1.0
908,906,1.0
909,910,1.0
470,471,1.0
470,472,1.0
470,473,1.0
470,476,1.0
473,472,1.0
473,478,1.0
632,634,1.0
632,635,1.0
632,637,1.0
713,714,1.0
717,714,1.0
714,720,1.0
263,266,1.0
263,267,1.0
266,268,1.0
270,268,1.0
270,271,1.0
659,662,1.0
659,663,1.0
659,667,1.0
662,663,1.0
662,665,1.0
662,667,1.0
666,663,1.0
643,644,1.0
643,645,1.0
643,647,1.0
645,649,1.0
644,647,1.0
1037,1040,1.0
1037,1043,1.0
1037,1045,1.0
1040,1043,1.0
327,330,1.0
327,331,1.0
332,334,1.0
821,825,1.0
824,829,1.0
825,827,1.0
372,374,1.0
372,375,1.0
372,379,1.0
374,376,1.0
374,377,1.0
375,377,1.0
375,378,1.0
241,244,1.0
759,758,1.0
760,758,1.0
760,764,1.0
760,765,1.0
763,758,1.0
764,765,1.0
849,855,1.0
775,774,1.0
866,871,1.0
866,874,1.0
723,728,1.0
730,728,1.0
728,729,1.0
533,534,1.0
533,535,1.0
534,538,1.0
539,540,1.0
535,540,1.0
489,491,1.0
489,493,1.0
489,494,1.0
489,496,1.0
491,492,1.0
491,493,1.0
491,495,1.0
494,495,1.0
898,899,1.0
898,901,1.0
290,292,1.0
290,294,1.0
290,297,1.0
290,298,1.0
938,942,1.0
938,943,1.0
938,944,1.0
943,944,1.0
945,944,1.0
832,835,1.0
832,837,1.0
835,836,1.0
835,838,1.0
570,572,1.0
570,577,1.0
509,508,1.0
513,512,1.0
513,511,1.0
225,224,1.0
225,223,1.0
1021,1023,1.0
1021,1026,1.0
1021,1027,1.0
844,845,1.0
844,847,1.0
501,504,1.0
884,885,1.0
884,887,1.0
885,886,1.0
424,421,1.0
423,421,1.0
993,999,1.0
308,311,1.0
308,313,1.0
311,312,1.0
312,316,1.0
617,620,1.0
620,621,1.0
620,622,1.0
591,587,1.0
591,588,1.0
782,783,1.0
784,783,1.0
335,336,1.0
335,338,1.0
335,339,1.0
355,354,1.0
355,356,1.0
398,399,1.0
398,402,1.0
400,399,1.0
926,928,1.0
926,927,1.0
542,546,1.0
548,547,1.0
548,550,1.0
519,520,1.0
519,521,1.0
520,521,1.0
600,601,1.0
386,387,1.0
954,955,1.0
707,710,1.0
974,975,1.0
974,977,1.0
975,976,1.0
471,478,1.0
663,665,1.0
292,294,1.0
294,297,1.0
512,514,1.0
511,514,1.0
224,226,1.0
224,223,1.0
887,886,1.0
587,588,1.0
587,590,1.0
588,589,1.0
336,337,1.0
336,339,1.0
338,337,1.0
354,353,1.0
354,357,1.0
356,353,1.0
399,402,1.0
928,925,1.0
928,927,1.0
547,549,1.0
550,549,1.0
977,976,1.0
590,589,1.0
353,357,1.0
1064,1065,1.0
1064,1067,1.0
1064,1068,1.0
1065,1066,1.0
1065,1068,1.0
1067,1066,1.0
1076,1078,1.0
1082,1083,1.0
1082,1084,1.0
1082,1085,1.0
1082,1087,1.0
1082,1088,1.0
1082,1089,1.0
1082,1090,1.0
1083,1085,1.0
1083,1087,1.0
1091,1092,1.0
1091,1094,1.0
1091,1095,1.0
1092,1093,1.0
1092,1095,1.0
1094,1093,1.0
1093,1097,1.0
1097,1096,1.0
1097,1099,1.0
1096,1098,1.0
1096,1099,1.0
